01/05/2019,Wall Street Breakfast: What Moved Markets This Week,/article/4231589-wall-street-breakfast-moved-markets-week?source=all_articles_title
12/15/2018,Wall Street Breakfast: What Moved Markets This Week,/article/4228513-wall-street-breakfast-moved-markets-week?source=all_articles_title
12/08/2018,Wall Street Breakfast: What Moved Markets This Week,/article/4227174-wall-street-breakfast-moved-markets-week?source=all_articles_title
12/01/2018,Wall Street Breakfast: What Moved Markets This Week,/article/4225773-wall-street-breakfast-moved-markets-week?source=all_articles_title
11/24/2018,Wall Street Breakfast: What Moved Markets This Week,/article/4224283-wall-street-breakfast-moved-markets-week?source=all_articles_title
11/17/2018,Wall Street Breakfast: What Moved Markets This Week,/article/4223027-wall-street-breakfast-moved-markets-week?source=all_articles_title
11/10/2018,Wall Street Breakfast: What Moved Markets This Week,/article/4220760-wall-street-breakfast-moved-markets-week?source=all_articles_title
11/03/2018,Wall Street Breakfast: What Moved Markets This Week,/article/4217895-wall-street-breakfast-moved-markets-week?source=all_articles_title
10/27/2018,Wall Street Breakfast: What Moved Markets This Week,/article/4215147-wall-street-breakfast-moved-markets-week?source=all_articles_title
10/20/2018,Wall Street Breakfast: What Moved Markets This Week,/article/4212948-wall-street-breakfast-moved-markets-week?source=all_articles_title
10/13/2018,Wall Street Breakfast: What Moved Markets This Week,/article/4211432-wall-street-breakfast-moved-markets-week?source=all_articles_title
10/06/2018,Wall Street Breakfast: What Moved Markets This Week,/article/4210218-wall-street-breakfast-moved-markets-week?source=all_articles_title
09/22/2018,Wall Street Breakfast: What Moved Markets This Week,/article/4207699-wall-street-breakfast-moved-markets-week?source=all_articles_title
09/16/2018,Wall Street Breakfast: What Moved Markets This Week,/article/4206511-wall-street-breakfast-moved-markets-week?source=all_articles_title
08/11/2018,Wall Street Breakfast: What Moved Markets This Week,/article/4197971-wall-street-breakfast-moved-markets-week?source=all_articles_title
08/04/2018,Wall Street Breakfast: What Moved Markets This Week,/article/4194833-wall-street-breakfast-moved-markets-week?source=all_articles_title
07/28/2018,Wall Street Breakfast: What Moved Markets This Week,/article/4191537-wall-street-breakfast-moved-markets-week?source=all_articles_title
07/21/2018,Wall Street Breakfast: What Moved Markets This Week,/article/4188913-wall-street-breakfast-moved-markets-week?source=all_articles_title
07/14/2018,Wall Street Breakfast: What Moved Markets This Week,/article/4187261-wall-street-breakfast-moved-markets-week?source=all_articles_title
07/07/2018,Wall Street Breakfast: What Moved Markets This Week,/article/4185873-wall-street-breakfast-moved-markets-week?source=all_articles_title
06/16/2018,Wall Street Breakfast: What Moved Markets This Week,/article/4182082-wall-street-breakfast-moved-markets-week?source=all_articles_title
06/09/2018,Wall Street Breakfast: What Moved Markets This Week,/article/4180505-wall-street-breakfast-moved-markets-week?source=all_articles_title
06/02/2018,Wall Street Breakfast: What Moved Markets This Week,/article/4178986-wall-street-breakfast-moved-markets-week?source=all_articles_title
05/26/2018,Wall Street Breakfast: What Moved Markets This Week,/article/4177433-wall-street-breakfast-moved-markets-week?source=all_articles_title
05/12/2018,Wall Street Breakfast: What Moved Markets This Week,/article/4173233-wall-street-breakfast-moved-markets-week?source=all_articles_title
05/05/2018,Wall Street Breakfast: What Moved Markets This Week,/article/4170257-wall-street-breakfast-moved-markets-week?source=all_articles_title
04/28/2018,Wall Street Breakfast: What Moved Markets This Week,/article/4167216-wall-street-breakfast-moved-markets-week?source=all_articles_title
04/21/2018,Wall Street Breakfast: What Moved Markets This Week,/article/4164570-wall-street-breakfast-moved-markets-week?source=all_articles_title
04/14/2018,Wall Street Breakfast: What Moved Markets This Week,/article/4163013-wall-street-breakfast-moved-markets-week?source=all_articles_title
03/24/2018,Wall Street Breakfast: What Moved Markets This Week,/article/4158623-wall-street-breakfast-moved-markets-week?source=all_articles_title
03/17/2018,Wall Street Breakfast: What Moved Markets This Week,/article/4157308-wall-street-breakfast-moved-markets-week?source=all_articles_title
03/10/2018,Wall Street Breakfast: What Moved Markets This Week,/article/4155297-wall-street-breakfast-moved-markets-week?source=all_articles_title
02/24/2018,Wall Street Breakfast: What Moved Markets This Week,/article/4150391-wall-street-breakfast-moved-markets-week?source=all_articles_title
02/17/2018,Wall Street Breakfast: What Moved Markets This Week,/article/4147922-wall-street-breakfast-moved-markets-week?source=all_articles_title
02/10/2018,Wall Street Breakfast: What Moved Markets This Week,/article/4145404-wall-street-breakfast-moved-markets-week?source=all_articles_title
02/03/2018,Wall Street Breakfast: What Moved Markets This Week,/article/4142877-wall-street-breakfast-moved-markets-week?source=all_articles_title
01/27/2018,Wall Street Breakfast: What Moved Markets This Week,/article/4140676-wall-street-breakfast-moved-markets-week?source=all_articles_title
01/20/2018,Wall Street Breakfast: What Moved Markets This Week,/article/4138829-wall-street-breakfast-moved-markets-week?source=all_articles_title
01/13/2018,Wall Street Breakfast: What Moved Markets This Week,/article/4137401-wall-street-breakfast-moved-markets-week?source=all_articles_title
01/06/2018,Wall Street Breakfast: Weekly Highlights,/article/4135709-wall-street-breakfast-weekly-highlights?source=all_articles_title
12/16/2017,Wall Street Breakfast: Weekly Highlights,/article/4132297-wall-street-breakfast-weekly-highlights?source=all_articles_title
12/09/2017,Wall Street Breakfast: Weekly Highlights,/article/4130827-wall-street-breakfast-weekly-highlights?source=all_articles_title